https://www.nytimes.com,
https://www.washingtonpost.com,
https://www.wsj.com,
https://www.usatoday.com,
https://apnews.com,
https://www.reuters.com,
https://abcnews.go.com,
https://www.cbsnews.com,
https://www.nbcnews.com,
https://www.cnn.com,
https://www.bbc.com/news,
https://www.bloomberg.com,
https://www.ft.com,
https://www.economist.com,
https://www.politico.com,
https://www.axios.com,
https://www.npr.org,
https://www.pbs.org/newshour,
https://thehill.com,
https://time.com,
https://www.newsweek.com,
https://www.latimes.com,
https://www.chicagotribune.com,
https://www.miamiherald.com,
https://www.dallasnews.com,
https://www.bostonglobe.com,
https://www.houstonchronicle.com,
https://www.sfchronicle.com,
https://www.propublica.org,
https://publicintegrity.org,
https://www.theguardian.com/us,
https://www.independent.co.uk,
https://www.aljazeera.com,
https://www.dw.com/en,
https://www.france24.com/en,
https://www.cbc.ca/news,
https://globalnews.ca,
https://news.sky.com,
https://apnews.com/hub/politics,
https://www.reuters.com/politics,
https://abcnews.go.com/Politics,
https://www.cbsnews.com/politics,
https://www.nbcnews.com/politics,
https://www.cnn.com/politics,
https://www.foxnews.com,
https://www.foxbusiness.com,
https://nypost.com,
https://www.washingtonexaminer.com,
https://www.washingtontimes.com,
https://www.nationalreview.com,
https://www.weeklystandard.com,
https://thefederalist.com,
https://www.dailywire.com,
https://www.newsmax.com,
https://www.oann.com,
https://www.realclearpolitics.com,
https://thespectator.com,
https://www.theamericanconservative.com,
https://www.thebulwark.com,
https://www.city-journal.org,
https://pjmedia.com,
https://hotair.com,
https://townhall.com,
https://www.powerlineblog.com,
https://redstate.com,
https://www.breitbart.com,
https://dailycaller.com,
https://www.theepochtimes.com,
https://freebeacon.com,
https://justthenews.com,
https://www.zerohedge.com,
https://www.theblaze.com,
https://reason.com,
https://www.cato.org/blog,
https://www.hoover.org,
https://www.motherjones.com,
https://www.thenation.com,
https://newrepublic.com,
https://prospect.org,
https://www.commondreams.org,
https://www.dailykos.com,
https://talkingpointsmemo.com,
https://www.huffpost.com,
https://www.vox.com,
https://slate.com,
https://www.salon.com,
https://jacobin.com,
https://inthesetimes.com,
https://theintercept.com,
https://www.democracynow.org,
https://www.propublica.org/local-reporting-network,
https://www.themarshallproject.org,
https://19thnews.org,
https://fivethirtyeight.com,
https://www.cookpolitical.com,
https://punchbowl.news,
https://www.semafor.com,
https://themessenger.com/politics,
https://www.vanityfair.com/news,
https://nymag.com/intelligencer,
https://www.rollingstone.com/politics,
https://www.theguardian.com/us/commentisfree,
https://foreignpolicy.com,
https://www.foreignaffairs.com,
https://www.cfr.org
